Level of Tank,Month,Room no,Customer Class,Litres per day,Consumption Litres Per Month
High,Januaray ,1,Residential,600,18600
low,Januaray ,2,Multi-Family,1200,37200
Medium,Januaray ,3,Multi-Family,1200,37200
Low,Januaray ,4,Singles,150,4650
Medium,Januaray ,5,Singles,150,4650
High,Januaray ,6,Couple,300,9300
Medium,Januaray ,7,Multi-Family,1200,37200
low,Januaray ,8,Residential,600,18600
Medium,Januaray ,9,Couple,300,9300
High,Januaray ,10,Residential,600,18600
Medium,Januaray ,11,Couple,300,9300
Medium,Januaray ,12,Couple,300,9300
High,Januaray ,13,Couple,300,9300
High,Januaray ,14,Singles,150,4650
Medium,Januaray ,15,Multi-Family,1200,37200
low,Januaray ,16,Multi-Family,1200,37200
Medium,Januaray ,17,Couple,300,9300
High,Januaray ,18,Couple,300,9300
High,Januaray ,19,Couple,300,9300
Medium,Januaray ,20,Couple,300,9300
Medium,Januaray ,21,Residential,600,18600
High,Januaray ,22,Singles,150,4650
low,Januaray ,23,Singles,150,4650
Medium,Januaray ,24,Couple,300,9300
Medium,Januaray ,25,Couple,300,9300
High,Januaray ,26,Singles,150,4650
Medium,Januaray ,27,Residential,600,1818600
High,Januaray ,28,Singles,150,4650
High,Januaray ,29,Multi-Family,1200,37200
High,Januaray ,30,Multi-Family,1200,37200
High,Januaray ,31,Residential,600,18600
Medium,Januaray ,32,Multi-Family,1200,37200
low,Januaray ,33,Singles,150,4650
High,Januaray ,34,Singles,150,4650
Low,Januaray ,35,Multi-Family,1200,37200
Medium,Januaray ,36,Multi-Family,1200,37200
Medium,Januaray ,37,Couple,300,9300
Medium,Januaray ,38,Residential,600,18600
low,Januaray ,39,Couple,300,9300
Medium,Januaray ,40,Singles,150,4650
Medium,Januaray ,41,Couple,300,9300
Medium,Januaray ,42,Residential,600,18600
High,Januaray ,43,Multi-Family,1200,37200
Medium,Januaray ,44,Couple,300,9300
Medium,Januaray ,45,Multi-Family,1200,37200
Medium,Januaray ,46,Singles,150,4650
low,Januaray ,47,Singles,150,4650
Medium,Januaray ,48,singles,150,4650
Medium,Januaray ,49,Multi-Family,1200,37200
Medium,Januaray ,50,Residential,600,18600
Medium,Januaray ,51,Multi-Family,1200,37200
Medium,Januaray ,52,Couple,300,9300
Medium,Januaray ,53,Multi-Family,1200,37200
low,Januaray ,54,Multi-Family,1200,37200
Medium,Januaray ,55,Singles,150,4650
Medium,Januaray ,56,Residential,600,18600
High,Januaray ,57,Singles,150,4650
Medium,Januaray ,58,Couple,300,9300
Medium,Januaray ,59,Couple,300,9300
High,Januaray ,60,Singles,150,4650
low,Januaray ,61,Multi-Family,1200,37200
Medium,Januaray ,62,Couple,300,9300
Low,Januaray ,63,Multi-Family,1200,37200
Medium,Januaray ,64,Multi-Family,1200,37200
High,Januaray ,65,Residential,600,18600
Medium,Januaray ,67,Singles,150,4650
low,Januaray ,68,Multi-Family,1200,37200
Medium,Januaray ,69,Couple,300,9300
High,Januaray ,70,Couple,300,9300
Medium,Januaray ,71,Residential,600,18600
Medium,Januaray ,72,Singles,150,4650
High,Januaray ,73,Couple,300,9300
High,Januaray ,74,Couple,300,9300
Medium,Januaray ,75,Singles,150,4650
low,Januaray ,76,Singles,150,4650
Medium,Januaray ,77,Multi-Family,1200,37200
High,Januaray ,78,Singles,150,4650
High,Januaray ,79,Singles,150,4650
Medium,Januaray ,80,Residential,600,18600
Medium,Januaray ,81,Residential,600,18600
High,Januaray ,82,Couple,300,9300
low,Januaray ,83,Residential,600,18600
Medium,Januaray ,84,Couple,300,9300
Medium,Januaray ,85,Singles,150,4650
High,Januaray ,86,Multi-Family,1200,37200
Medium,Januaray ,87,Singles,150,4650
High,Januaray ,88,Singles,150,4650
High,Januaray ,89,Singles,150,4650
Medium,Januaray ,90,Singles,150,4650
Medium,Januaray ,91,Multi-Family,1200,37200
High,Januaray ,92,Multi-Family,1200,37200
low,Januaray ,93,Residential,600,18600
Medium,Januaray ,94,Couple,300,9300
Low,Januaray ,95,Residential,600,18600
Medium,Januaray ,9,Residential,600,18600
High,Januaray ,97,Multi-Family,1200,37200
Medium,Januaray ,98,Couple,300,9300
low,Januaray ,99,Singles,150,4650
Medium,Januaray ,100,Couple,300,9300
High,February,1,Residential,620,17360
Medium,February,2,Multi-Family,1229,34412
Medium,February,3,Multi-Family,1229,34412
High,February,4,Singles,179,5012
High,February,5,Singles,179,5012
Medium,February,6,Couple,348,9744
low,February,7,Multi-Family,1229,34412
Medium,February,8,Residential,620,17360
High,February,9,Couple,348,9744
High,February,10,Residential,620,17360
Medium,February,11,Couple,348,9744
Medium,February,12,Couple,348,9744
High,February,13,Couple,348,9744
low,February,14,Singles,179,5012
Medium,February,15,Multi-Family,1229,34412
Medium,February,16,Multi-Family,1229,34412
High,February,17,Couple,348,9744
Medium,February,18,Couple,348,9744
High,February,19,Couple,348,9744
High,February,20,Couple,348,9744
Medium,February,21,Residential,620,17360
Medium,February,22,Singles,179,5012
High,February,23,Singles,179,5012
High,February,24,Couple,348,9744
Medium,February,25,Couple,348,9744
Medium,February,26,Singles,179,5012
High,February,27,Residential,620,17360
low,February,28,Singles,179,5012
Medium,February,29,Multi-Family,1229,34412
Low,February,30,Multi-Family,1229,34412
Medium,February,31,Residential,620,17360
High,February,32,Multi-Family,1229,34412
Medium,February,33,Singles,179,5012
low,February,34,Singles,179,5012
Medium,February,35,Multi-Family,1229,34412
High,February,36,Multi-Family,1229,34412
Medium,February,37,Couple,348,9744
Medium,February,38,Residential,620,17360
High,February,39,Couple,348,9744
High,February,40,Singles,179,5012
Medium,February,41,Couple,348,9744
low,February,42,Residential,620,17360
Medium,February,43,Multi-Family,1229,34412
High,February,44,Couple,348,9744
High,February,45,Multi-Family,1229,34412
Medium,February,46,Singles,179,5012
Medium,February,47,Singles,179,5012
High,February,48,singles,179,5012
low,February,49,Multi-Family,1229,34412
Medium,February,50,Residential,620,17360
Medium,February,51,Multi-Family,1229,34412
High,February,52,Couple,348,9744
Medium,February,53,Multi-Family,1229,34412
High,February,54,Multi-Family,1229,34412
High,February,55,Singles,179,5012
Medium,February,56,Residential,620,17360
Medium,February,57,Singles,179,5012
High,February,58,Couple,348,9744
High,February,59,Couple,348,9744
Medium,February,60,Singles,179,5012
Medium,February,61,Multi-Family,1229,34412
High,February,62,Couple,348,9744
low,February,63,Multi-Family,1229,34412
Medium,February,64,Multi-Family,1229,34412
Low,February,65,Residential,620,17360
Medium,February,67,Singles,179,5012
High,February,68,Multi-Family,1229,34412
Medium,February,69,Couple,348,9744
low,February,70,Couple,348,9744
Medium,February,71,Residential,620,17360
High,February,72,Singles,179,5012
Medium,February,73,Couple,348,9744
Medium,February,74,Couple,348,9744
High,February,75,Singles,179,5012
High,February,76,Singles,179,5012
Medium,February,77,Multi-Family,1229,34412
low,February,78,Singles,179,5012
Medium,February,79,Singles,179,5012
High,February,80,Residential,620,17360
High,February,81,Residential,620,17360
Medium,February,82,Couple,348,9744
Medium,February,83,Residential,620,17360
High,February,84,Couple,348,9744
low,February,85,Singles,179,5012
Medium,February,86,Multi-Family,1229,34412
Medium,February,87,Singles,179,5012
High,February,88,Singles,179,5012
Medium,February,89,Singles,179,5012
High,February,90,Singles,179,5012
High,February,91,Multi-Family,1229,34412
Medium,February,92,Multi-Family,1229,34412
Medium,February,93,Residential,620,17360
High,February,94,Couple,348,9744
High,February,95,Residential,620,17360
Medium,February,9,Residential,620,17360
Medium,February,97,Multi-Family,1229,34412
High,February,98,Couple,348,9744
low,February,99,Singles,179,5012
Medium,February,100,Couple,348,9744
Low,March,1,Residential,700,21700
Medium,March,2,Multi-Family,1400,43400
High,March,3,Multi-Family,1400,43400
Medium,March,4,Singles,250,7750
low,March,5,Singles,250,7750
Medium,March,6,Couple,400,12400
High,March,7,Multi-Family,1400,43400
Medium,March,8,Residential,700,21700
Medium,March,9,Couple,400,12400
High,March,10,Residential,700,21700
High,March,11,Couple,400,12400
Medium,March,12,Couple,400,12400
low,March,13,Couple,400,12400
Medium,March,14,Singles,250,7750
High,March,15,Multi-Family,1400,43400
High,March,16,Multi-Family,1400,43400
Medium,March,17,Couple,400,12400
Medium,March,18,Couple,400,12400
High,March,19,Couple,400,12400
low,March,20,Couple,400,12400
Medium,March,21,Residential,700,21700
Medium,March,22,Singles,250,7750
High,March,23,Singles,250,7750
Medium,March,24,Couple,400,12400
High,March,25,Couple,400,12400
High,March,26,Singles,250,7750
Medium,March,27,Residential,700,1821700
Medium,March,28,Singles,250,7750
High,March,29,Multi-Family,1400,43400
High,March,30,Multi-Family,1400,43400
Medium,March,31,Residential,700,21700
Medium,March,32,Multi-Family,1400,43400
High,March,33,Singles,250,7750
low,March,34,Singles,250,7750
Medium,March,35,Multi-Family,1400,43400
Low,March,36,Multi-Family,1400,43400
Medium,March,37,Couple,400,12400
High,March,38,Residential,700,21700
Medium,March,39,Couple,400,12400
low,March,40,Singles,250,7750
Medium,March,41,Couple,400,12400
High,March,42,Residential,700,21700
Medium,March,43,Multi-Family,1400,43400
Medium,March,44,Couple,400,12400
High,March,45,Multi-Family,1400,43400
High,March,46,Singles,250,7750
Medium,March,47,Singles,250,7750
low,March,48,singles,250,7750
Medium,March,49,Multi-Family,1400,43400
High,March,50,Residential,700,21700
High,March,51,Multi-Family,1400,43400
Medium,March,52,Couple,400,12400
Medium,March,53,Multi-Family,1400,43400
High,March,54,Multi-Family,1400,43400
low,March,55,Singles,250,7750
Medium,March,56,Residential,700,21700
Medium,March,57,Singles,250,7750
High,March,58,Couple,400,12400
Medium,March,59,Couple,400,12400
High,March,60,Singles,250,7750
High,March,61,Multi-Family,1400,43400
Medium,March,62,Couple,400,12400
Medium,March,63,Multi-Family,1400,43400
High,March,64,Multi-Family,1400,43400
High,March,65,Residential,700,21700
Medium,March,67,Singles,250,7750
Medium,March,68,Multi-Family,1400,43400
High,March,69,Couple,400,12400
low,March,70,Couple,400,12400
Medium,March,71,Residential,700,21700
Low,March,72,Singles,250,7750
Medium,March,73,Couple,400,12400
High,March,74,Couple,400,12400
Medium,March,75,Singles,250,7750
low,March,76,Singles,250,7750
Medium,March,77,Multi-Family,1400,43400
High,March,78,Singles,250,7750
Medium,March,79,Singles,250,7750
Medium,March,80,Residential,700,21700
High,March,81,Residential,700,21700
High,March,82,Couple,400,12400
Medium,March,83,Residential,700,21700
low,March,84,Couple,400,12400
Medium,March,85,Singles,250,7750
High,March,86,Multi-Family,1400,43400
High,March,87,Singles,250,7750
Medium,March,88,Singles,250,7750
Medium,March,89,Singles,250,7750
High,March,90,Singles,250,7750
low,March,91,Multi-Family,1400,43400
Medium,March,92,Multi-Family,1400,43400
Medium,March,93,Residential,700,21700
High,March,94,Couple,400,12400
Medium,March,95,Residential,700,21700
High,March,9,Residential,700,21700
High,March,97,Multi-Family,1400,43400
Medium,March,98,Couple,400,12400
Medium,March,99,Singles,250,7750
High,March,100,Couple,400,12400
High,April,1,Residential,520,16120
Medium,April,2,Multi-Family,1050,32550
Medium,April,3,Multi-Family,1050,32550
High,April,4,Singles,115,3565
low,April,5,Singles,115,3565
Medium,April,6,Couple,225,6975
Low,April,7,Multi-Family,1050,32550
Medium,April,8,Residential,520,16120
High,April,9,Couple,225,6975
Medium,April,10,Residential,520,16120
low,April,11,Couple,225,6975
Medium,April,12,Couple,225,6975
High,April,13,Couple,225,6975
Medium,April,14,Singles,115,3565
Medium,April,15,Multi-Family,1050,32550
High,April,16,Multi-Family,1050,32550
High,April,17,Couple,225,6975
Medium,April,18,Couple,225,6975
low,April,19,Couple,225,6975
Medium,April,20,Couple,225,6975
High,April,21,Residential,520,16120
High,April,22,Singles,115,3565
Medium,April,23,Singles,115,3565
Medium,April,24,Couple,225,6975
High,April,25,Couple,225,6975
low,April,26,Singles,115,3565
Medium,April,27,Residential,520,1816120
Medium,April,28,Singles,115,3565
High,April,29,Multi-Family,1050,32550
Medium,April,30,Multi-Family,1050,32550
High,April,31,Residential,520,16120
High,April,32,Multi-Family,1050,32550
Medium,April,33,Singles,115,3565
Medium,April,34,Singles,115,3565
High,April,35,Multi-Family,1050,32550
High,April,36,Multi-Family,1050,32550
Medium,April,37,Couple,225,6975
Medium,April,38,Residential,520,16120
High,April,39,Couple,225,6975
low,April,40,Singles,115,3565
Medium,April,41,Couple,225,6975
Low,April,42,Residential,520,16120
Medium,April,43,Multi-Family,1050,32550
High,April,44,Couple,225,6975
Medium,April,45,Multi-Family,1050,32550
low,April,46,Singles,115,3565
Medium,April,47,Singles,115,3565
High,April,48,singles,115,3565
Medium,April,49,Multi-Family,1050,32550
Medium,April,50,Residential,520,16120
High,April,51,Multi-Family,1050,32550
High,April,52,Couple,225,6975
Medium,April,53,Multi-Family,1050,32550
low,April,54,Multi-Family,1050,32550
Medium,April,55,Singles,115,3565
High,April,56,Residential,520,16120
High,April,57,Singles,115,3565
Medium,April,58,Couple,225,6975
Medium,April,59,Couple,225,6975
High,April,60,Singles,115,3565
low,April,61,Multi-Family,1050,32550
Medium,April,62,Couple,225,6975
Medium,April,63,Multi-Family,1050,32550
High,April,64,Multi-Family,1050,32550
Medium,April,65,Residential,520,16120
High,April,67,Singles,115,3565
High,April,68,Multi-Family,1050,32550
Medium,April,69,Couple,225,6975
Medium,April,70,Couple,225,6975
High,April,71,Residential,520,16120
High,April,72,Singles,115,3565
Medium,April,73,Couple,225,6975
Medium,April,74,Couple,225,6975
High,April,75,Singles,115,3565
low,April,76,Singles,115,3565
Medium,April,77,Multi-Family,1050,32550
Low,April,78,Singles,115,3565
Medium,April,79,Singles,115,3565
High,April,80,Residential,520,16120
Medium,April,81,Residential,520,16120
low,April,82,Couple,225,6975
Medium,April,83,Residential,520,16120
High,April,84,Couple,225,6975
Medium,April,85,Singles,115,3565
Medium,April,86,Multi-Family,1050,32550
High,April,87,Singles,115,3565
High,April,88,Singles,115,3565
Medium,April,89,Singles,115,3565
low,April,90,Singles,115,3565
Medium,April,91,Multi-Family,1050,32550
High,April,92,Multi-Family,1050,32550
High,April,93,Residential,520,16120
Medium,April,94,Couple,225,6975
Medium,April,95,Residential,520,16120
High,April,96,Residential,520,16120
low,April,97,Multi-Family,1050,32550
Medium,April,98,Couple,225,6975
Medium,April,99,Singles,115,3565
High,April,100,Couple,225,6975
